,MAE,MAPE,RMSE,RSQUARED
lr_preds,16.05256573743249,15.515417362372316,20.800845530204242,0.6989188916298997
ffill_preds,21.362039312039308,24.6878995652761,28.73930631161315,0.42525647025065816
yr_mean_preds,26.81712423886337,23.954027559861697,33.00018406073709,0.24220060757040895
county_mean_preds,21.03980686198367,19.38010731144436,26.57816825423488,0.5084455623343358
euc_preds,21.104903253610818,19.392888348496424,26.68612796723458,0.5044440934623853
hav_preds,21.106489473397627,19.381744429709414,26.692732039421003,0.5041987905894798
euc_exp_smooth_preds,24.178061776186407,24.28288633451156,31.431791704064544,0.31252041850991796
hav_exp_smooth_preds,23.723042081722404,23.579564034176588,30.717645274121796,0.3434053040720171
